<?xml version="1.0"?>
<manifest xmlns="http://www.imsglobal.org/xsd/imscp_v1p1" xmlns:xsi="http://www.w3.org/2001/XMLSchema-instance" xsi:schemaLocation="http://www.imsglobal.org/xsd/imscp_v1p1 http://www.imsglobal.org/xsd/qti/qtiv2p2/qtiv2p2_imscpv1p2_v1p0.xsd http://ltsc.ieee.org/xsd/LOM http://www.imsglobal.org/xsd/imsmd_loose_v1p3p2.xsd" identifier="MANIFEST-tao62167183efe616-78317571" xmlns:imsmd="http://ltsc.ieee.org/xsd/LOM">
    <metadata>
        <schema>QTIv2.2 Package</schema>
        <schemaversion>1.0.0</schemaversion>
    </metadata>
    <organizations/>
    <resources>
                <resource identifier="i6216710a572bf210259b08439a9ecc8" type="imsqti_item_xmlv2p2" href="i6216710a572bf210259b08439a9ecc8/qti.xml">
            <metadata><imsmd:lom><imsmd:classification><imsmd:taxonPath><imsmd:source><imsmd:string xml:lang="en-US">http://www.w3.org/2000/01/rdf-schema#label</imsmd:string></imsmd:source><imsmd:taxon><imsmd:entry><imsmd:string xml:lang="en-US">e2e_test_item</imsmd:string></imsmd:entry></imsmd:taxon></imsmd:taxonPath><imsmd:taxonPath><imsmd:source><imsmd:string xml:lang="en-US">https://adf.docker.localhost/ontologies/tao.rdf#i62166f8d5a66422c9e7adacb28dbfdb</imsmd:string></imsmd:source><imsmd:taxon><imsmd:entry><imsmd:string xml:lang="en-US">e2eCustomValue</imsmd:string></imsmd:entry></imsmd:taxon></imsmd:taxonPath></imsmd:classification></imsmd:lom></metadata><file href="i6216710a572bf210259b08439a9ecc8/qti.xml"/>
                    </resource>
            </resources>
</manifest>
